{"cameraMode":{"drawMode":0,"name":"Shaded","section":"Shading Mode"},"sceneLighting":false,"audioPlay":false,"sceneViewState":{"m_AlwaysRefresh":false,"showFog":true,"showSkybox":false,"showFlares":true,"showImageEffects":true,"showParticleSystems":true,"showVisualEffectGraphs":true,"m_FxEnabled":true},"in2DMode":false,"pivot":{"x":-3.271555185317993,"y":1.202940821647644,"z":8.269497871398926},"rotation":{"x":0.040166858583688739,"y":-0.9563314914703369,"z":0.15836450457572938,"w":0.24253341555595399},"size":1.7320507764816285,"orthographic":false}